id,net,batch,partition,opt,dropout,format,train_start,train_end,train_time,train_state,eval_state,test_start,test_end,test_state,loss,best_loss,accuracy,best_accuracy,f1_score,best_f1_score,miou,best_miou,precision,best_precision,recall,best_recall,eval_loss,best_eval_loss,eval_accuracy,best_eval_accuracy,eval_f1_score,best_eval_f1_score,eval_miou,best_eval_miou,eval_precision,best_eval_precision,eval_recall,best_eval_recall,test_loss,test_accuracy,test_f1_score,test_miou,test_precision,test_recall,machine
1,deeplab,4,702010,adam,0,hist,23/02/2021 14:37:33,23/02/2021 19:01:10,4:23:37,done,done,23/02/2021 19:01:20,23/02/2021 19:01:45,done,"0,064291","0,064291","0,979231","0,979231","0,911010","0,979298","0,588867","0,588867","0,918537","0,918537","0,903605","0,903605","0,071367","0,070110","0,848772","0,862445","0,911559","0,862881","0,589999","0,589999","0,919015","0,919015","0,904223","0,904223","0,059633","0,925338","0,911405","0,589718","0,918843","0,904087",
2,deeplab,4,702010,adam,0,hist,04/03/2021 23:44:00,05/03/2021 02:43:18,2:59:18,done,done,05/03/2021 02:43:29,05/03/2021 02:43:47,done,"0,072397","0,072397","0,978750","0,978750","0,909107","0,978820","0,584763","0,584763","0,916663","0,916663","0,901674","0,901674","0,076355","0,061964","0,853970","0,863648","0,909716","0,863803","0,585972","0,585972","0,917201","0,917201","0,902352","0,902352","0,085273","0,907605","0,909534","0,585486","0,917001","0,902188",FINOS-00
3,deeplab,4,702010,adam,0,hist,23/02/2021 17:39:50,23/02/2021 20:34:19,2:54:29,done,done,23/02/2021 20:34:29,23/02/2021 20:34:47,done,"0,060187","0,060187","0,980028","0,980028","0,909393","0,980167","0,585591","0,585591","0,916513","0,916513","0,902383","0,902383","0,062912","0,054828","0,849174","0,856180","0,910005","0,856376","0,586835","0,586835","0,917060","0,917060","0,903057","0,903057","0,096142","0,875243","0,909747","0,586302","0,916785","0,902817",
4,deeplab,4,702010,adam,0,hist,24/02/2021 14:26:04,24/02/2021 17:59:04,3:33:00,done,done,24/02/2021 17:59:11,24/02/2021 17:59:34,done,"0,071161","0,071161","0,976172","0,976172","0,908487","0,976285","0,584063","0,584063","0,916465","0,916465","0,900646","0,900646","0,210889","0,140796","0,852867","0,861458","0,909063","0,861836","0,585271","0,585271","0,916969","0,916969","0,901293","0,901293","0,093952","0,897068","0,908882","0,584870","0,916777","0,901122",2882e316c07a
5,deeplab,4,702010,adam,0,hist,03/03/2021 15:44:11,03/03/2021 18:40:43,2:56:32,done,done,03/03/2021 18:40:56,03/03/2021 18:41:15,done,"0,066786","0,066786","0,980836","0,980836","0,909503","0,980931","0,582569","0,582569","0,917530","0,917530","0,901615","0,901615","0,067809","0,058472","0,847701","0,860095","0,910119","0,860258","0,583908","0,583908","0,918067","0,918067","0,902307","0,902307","0,083145","0,884238","0,909872","0,583396","0,917799","0,902081",FINOS-00
6,deeplab,4,702010,adam,0,morf,23/02/2021 20:34:51,23/02/2021 23:45:34,3:10:43,done,done,23/02/2021 23:45:44,23/02/2021 23:46:03,done,"0,067891","0,067891","0,980701","0,980701","0,909157","0,980792","0,582276","0,582276","0,916201","0,916201","0,902221","0,902221","0,083332","0,053448","0,842890","0,865104","0,909773","0,865350","0,583543","0,583543","0,916752","0,916752","0,902899","0,902899","0,090145","0,922446","0,909567","0,583108","0,916528","0,902710",
7,deeplab,4,702010,adam,0,morf,23/02/2021 19:01:49,23/02/2021 23:28:58,4:27:09,done,done,23/02/2021 23:29:07,23/02/2021 23:29:33,done,"0,062782","0,062782","0,979770","0,979770","0,909652","0,979839","0,587727","0,587727","0,917045","0,917045","0,902378","0,902378","0,077015","0,064149","0,854601","0,863249","0,910263","0,863352","0,588903","0,588903","0,917584","0,917584","0,903058","0,903058","0,095793","0,907159","0,910085","0,588449","0,917389","0,902897",
8,deeplab,4,702010,adam,0,morf,23/02/2021 23:46:07,24/02/2021 02:52:05,3:05:58,done,done,24/02/2021 02:52:15,24/02/2021 02:52:34,done,"0,070973","0,070973","0,979383","0,979383","0,908812","0,979450","0,580272","0,580272","0,916274","0,916274","0,901470","0,901470","0,061489","0,054233","0,860188","0,860637","0,909441","0,861067","0,581575","0,581575","0,916831","0,916831","0,902170","0,902170","0,150600","0,915714","0,909301","0,581271","0,916677","0,902043",
9,deeplab,4,702010,adam,0,morf,24/02/2021 10:57:01,24/02/2021 14:25:33,3:28:32,done,done,24/02/2021 14:25:39,24/02/2021 14:26:01,done,"0,068940","0,068940","0,980129","0,980129","0,910455","0,980204","0,588028","0,588028","0,918026","0,918026","0,903007","0,903007","0,233264","0,112940","0,841863","0,866342","0,911025","0,866728","0,589149","0,589149","0,918523","0,918523","0,903649","0,903649","0,090342","0,888669","0,910766","0,588593","0,918248","0,903404",2882e316c07a
10,deeplab,4,702010,adam,0,morf,25/02/2021 01:15:56,25/02/2021 04:12:28,2:56:32,done,done,25/02/2021 04:12:39,25/02/2021 04:12:58,done,"0,076909","0,076909","0,977553","0,977553","0,910838","0,977623","0,589637","0,589637","0,919104","0,919104","0,902720","0,902720","0,093181","0,059639","0,838937","0,868768","0,911369","0,868977","0,590737","0,590737","0,919554","0,919554","0,903328","0,903328","0,085855","0,888112","0,911096","0,590164","0,919260","0,903075",FINOS-00
11,deeplab,4,702010,adam,0.2,hist,07/03/2021 11:50:50,07/03/2021 15:20:42,3:29:52,done,done,07/03/2021 15:20:48,07/03/2021 15:21:09,done,"0,087280","0,087280","0,971994","0,971994","0,889808","0,971533","0,540125","0,540125","0,903890","0,903890","0,876159","0,876159","0,067710","0,061423","0,834582","0,855019","0,890550","0,855297","0,541639","0,541639","0,904500","0,904500","0,877023","0,877023","0,093653","0,917669","0,890427","0,541444","0,904337","0,876939",c5da7508ea96
12,deeplab,4,702010,adam,0.2,hist,07/03/2021 11:52:07,07/03/2021 15:23:19,3:31:12,done,done,07/03/2021 15:23:23,07/03/2021 15:23:44,done,"0,101921","0,101921","0,969702","0,969702","0,890030","0,969276","0,547005","0,547005","0,902975","0,902975","0,877450","0,877450","0,076941","0,068827","0,834754","0,860194","0,890745","0,860584","0,548359","0,548359","0,903590","0,903590","0,878260","0,878260","0,155616","0,913607","0,890618","0,548078","0,903440","0,878154",cecf664fd4b6
13,deeplab,4,702010,adam,0.2,hist,24/02/2021 02:52:39,24/02/2021 05:47:54,2:55:15,done,done,24/02/2021 05:48:01,24/02/2021 05:48:19,done,"0,099069","0,099069","0,970359","0,970359","0,887942","0,969904","0,542211","0,542211","0,902407","0,902407","0,873933","0,873933","0,071535","0,065444","0,850177","0,861536","0,888742","0,861915","0,543755","0,543755","0,903069","0,903069","0,874863","0,874863","0,130413","0,904601","0,888654","0,543527","0,902931","0,874821",
14,deeplab,4,702010,adam,0.2,hist,03/03/2021 18:41:20,03/03/2021 21:39:39,2:58:19,done,done,03/03/2021 21:39:47,03/03/2021 21:40:06,done,"0,092037","0,092037","0,973209","0,973209","0,887269","0,972796","0,543232","0,543232","0,901575","0,901575","0,873409","0,873409","0,059179","0,047855","0,803959","0,848072","0,887989","0,848211","0,544689","0,544689","0,902156","0,902156","0,874260","0,874260","0,087109","0,894773","0,887708","0,544208","0,901835","0,874017",FINOS-00
15,deeplab,4,702010,adam,0.2,hist,24/02/2021 11:55:15,24/02/2021 15:19:07,3:23:52,done,done,24/02/2021 15:19:26,24/02/2021 15:19:45,done,"0,091127","0,091127","0,973867","0,973867","0,891182","0,973461","0,545592","0,545592","0,905797","0,905797","0,877031","0,877031","0,092698","0,061593","0,845758","0,858739","0,891983","0,859033","0,547216","0,547216","0,906459","0,906459","0,877963","0,877963","0,188825","0,926339","0,891885","0,547013","0,906325","0,877898",6e0a857b43da
16,deeplab,4,702010,adam,0.2,morf,24/02/2021 05:48:23,24/02/2021 08:48:17,2:59:54,done,done,24/02/2021 08:48:24,24/02/2021 08:48:43,done,"0,093813","0,093813","0,972122","0,972122","0,885731","0,971681","0,523617","0,523617","0,911498","0,911498","0,861380","0,861380","0,075083","0,049854","0,841128","0,866196","0,886563","0,866393","0,525199","0,525199","0,912030","0,912030","0,862479","0,862479","0,169135","0,917523","0,886469","0,525035","0,911834","0,862477",
17,deeplab,4,702010,adam,0.2,morf,24/2/2021 08:48:46,24/2/2021 11:54:44,3:05:58,done,done,24/2/2021 11:54:52,24/2/2021 11:55:10,done,"0,091728","0,091728","0,973262","0,973262","0,890346","0,972851","0,532727","0,532727","0,902828","0,902828","0,878205","0,878205","0,094991","0,062181","0,836139","0,861051","0,891111","0,861064","0,534307","0,534307","0,903480","0,903480","0,879076","0,879076","0,345314","0,904274","0,890952","0,534100","0,903288","0,878948",
18,deeplab,4,702010,adam,0.2,morf,24/2/2021 16:18:53,24/2/2021 19:54:09,3:35:16,done,done,24/2/2021 19:54:20,24/2/2021 19:54:44,done,"0,085021","0,085021","0,975545","0,975545","0,885139","0,975174","0,518793","0,518793","0,897453","0,897453","0,873158","0,873158","0,294036","0,080832","0,852891","0,860440","0,886031","0,860952","0,520505","0,520505","0,898235","0,898235","0,874154","0,874154","0,244127","0,904683","0,885970","0,520374","0,898143","0,874123",983fa7a230c4
19,deeplab,4,702010,adam,0.2,morf,8/3/2021 03:39:17,8/3/2021 07:11:45,3:32:28,done,done,8/3/2021 07:12:02,8/3/2021 07:12:24,done,"0,094326","0,094326","0,972919","0,972919","0,894884","0,972498","0,557851","0,557851","0,909645","0,909645","0,880594","0,880594","0,117077","0,071674","0,853251","0,868692","0,895626","0,868721","0,559256","0,559256","0,910241","0,910241","0,881472","0,881472","0,087944","0,885806","0,895487","0,558921","0,910052","0,881381",8865c63412dd
20,deeplab,4,702010,adam,0.2,morf,24/2/2021 15:20:01,24/2/2021 20:29:04,5:09:03,done,done,24/2/2021 20:29:14,24/2/2021 20:29:34,done,"0,094018","0,094018","0,972572","0,972572","0,897468","0,972142","0,559653","0,559653","0,909971","0,909971","0,885303","0,885303","0,071228","0,057875","0,857589","0,870790","0,898182","0,870982","0,561114","0,561114","0,910572","0,910572","0,886124","0,886124","0,085523","0,908861","0,898072","0,560904","0,910429","0,886045",
21,deeplab,4,702010,rmsprop,0,hist,24/2/2021 12:41:19,24/2/2021 16:52:05,4:10:46,done,done,24/2/2021 16:52:16,24/2/2021 17:26:53,done,"0,060530","0,060530","0,980751","0,980751","0,909302","0,980828","0,584468","0,584468","0,916039","0,916039","0,902663","0,902663","0,084556","0,068991","0,843924","0,866714","0,909890","0,866933","0,585690","0,585690","0,916567","0,916567","0,903310","0,903310","0,119253","0,896812","0,909664","0,585222","0,916326","0,903099",fbro-005
22,deeplab,4,702010,rmsprop,0,hist,3/3/2021 21:40:10,4/3/2021 00:35:26,2:55:16,done,done,4/3/2021 00:35:37,4/3/2021 00:35:57,done,"0,074673","0,074673","0,978093","0,978093","0,910888","0,978151","0,588357","0,588357","0,917285","0,917285","0,904579","0,904579","0,056406","0,052678","0,844822","0,860301","0,911421","0,860523","0,589471","0,589471","0,917765","0,917765","0,905164","0,905164","0,073894","0,922610","0,911239","0,589115","0,917574","0,904991",FINOS-00
23,deeplab,4,702010,rmsprop,0,hist,24/2/2021 22:27:10,25/2/2021 01:49:31,3:22:21,done,done,25/2/2021 01:49:43,25/2/2021 01:50:06,done,"0,081041","0,081041","0,977400","0,977400","0,909359","0,977458","0,584517","0,584517","0,916112","0,916112","0,902704","0,902704","0,094038","0,066024","0,851014","0,866454","0,909925","0,866694","0,585729","0,585729","0,916621","0,916621","0,903327","0,903327","0,169594","0,920697","0,909777","0,585432","0,916462","0,903188",1d17101b68a9
24,deeplab,4,702010,rmsprop,0,hist,8/3/2021 10:50:59,8/3/2021 14:14:51,3:23:52,done,done,8/3/2021 14:14:58,8/3/2021 14:15:18,done,"0,064511","0,064511","0,980342","0,980342","0,908058","0,980418","0,580897","0,580897","0,915050","0,915050","0,901173","0,901173","0,065062","0,057408","0,848755","0,862431","0,908665","0,862745","0,582166","0,582166","0,915592","0,915592","0,901842","0,901842","0,113330","0,917221","0,908511","0,581856","0,915429","0,901696",8fdfb75b7510
25,deeplab,4,702010,rmsprop,0,hist,07/03/2021 22:13:53,08/03/2021 02:26:29,4:12:36,done,done,08/03/2021 02:26:40,08/03/2021 02:27:04,done,"0,069114","0,069114","0,977622","0,977622","0,909243","0,977680","0,584081","0,584081","0,916327","0,916327","0,902268","0,902268","0,074448","0,069765","0,847077","0,866907","0,909797","0,866919","0,585198","0,585198","0,916815","0,916815","0,902885","0,902885","0,077162","0,918494","0,909634","0,584884","0,916644","0,902730",fbro-005
26,deeplab,4,702010,rmsprop,0,morf,09/03/2021 06:06:58,09/03/2021 09:02:23,2:55:25,done,done,09/03/2021 09:02:32,09/03/2021 09:02:51,done,"0,074758","0,074758","0,977971","0,977971","0,911108","0,978035","0,586629","0,586629","0,917565","0,917565","0,904742","0,904742","0,089671","0,058593","0,831612","0,862950","0,911614","0,863094","0,587707","0,587707","0,918014","0,918014","0,905303","0,905303","0,098226","0,892519","0,911325","0,587102","0,917708","0,905031",FINOS-00
27,deeplab,4,702010,rmsprop,0,morf,03/03/2021 19:37:19,03/03/2021 23:50:35,4:13:16,done,done,03/03/2021 23:50:49,03/03/2021 23:51:15,done,"0,065560","0,065560","0,978905","0,978905","0,911016","0,978968","0,588676","0,588676","0,917525","0,917525","0,904598","0,904598","0,076779","0,072289","0,840733","0,861347","0,911541","0,861478","0,589730","0,589730","0,917995","0,917995","0,905177","0,905177","0,077985","0,924937","0,911358","0,589378","0,917800","0,905006",fbro-005
28,deeplab,4,702010,rmsprop,0,morf,09/03/2021 03:10:29,09/03/2021 06:06:27,2:55:58,done,done,09/03/2021 06:06:36,09/03/2021 06:06:54,done,"0,069671","0,069671","0,980068","0,980068","0,911532","0,980146","0,588658","0,588658","0,917926","0,917926","0,905226","0,905226","0,081445","0,062686","0,846455","0,863964","0,912095","0,864134","0,589818","0,589818","0,918433","0,918433","0,905844","0,905844","0,098173","0,914209","0,911899","0,589390","0,918226","0,905659",FINOS-00
29,deeplab,4,702010,rmsprop,0,morf,24/02/2021 23:28:28,25/02/2021 03:40:25,4:11:57,done,done,25/02/2021 03:40:37,25/02/2021 03:41:03,done,"0,059996","0,059996","0,980964","0,980964","0,912037","0,981044","0,590873","0,590873","0,918396","0,918396","0,905765","0,905765","0,099294","0,072899","0,849765","0,865245","0,912600","0,865447","0,592015","0,592015","0,918901","0,918901","0,906385","0,906385","0,071565","0,918754","0,912434","0,591699","0,918722","0,906232",fbro-005
30,deeplab,4,702010,rmsprop,0,morf,24/02/2021 19:16:00,24/02/2021 23:27:49,4:11:49,done,done,24/02/2021 23:27:58,24/02/2021 23:28:24,done,"0,065155","0,065155","0,978764","0,978764","0,911525","0,978821","0,586580","0,586580","0,917870","0,917870","0,905267","0,905267","0,076209","0,064965","0,842552","0,863846","0,912051","0,864047","0,587590","0,587590","0,918350","0,918350","0,905838","0,905838","0,072521","0,925940","0,911874","0,587159","0,918169","0,905664",fbro-005
31,deeplab,4,702010,rmsprop,0.2,hist,08/03/2021 19:33:51,08/03/2021 23:03:29,3:29:38,done,done,08/03/2021 23:03:37,08/03/2021 23:03:58,done,"0,084347","0,084347","0,974406","0,974406","0,894800","0,974005","0,554485","0,554485","0,906989","0,906989","0,882935","0,882935","0,030278","0,030073","0,851528","0,870513","0,895553","0,870791","0,556070","0,556070","0,907633","0,907633","0,883791","0,883791","0,092494","0,925046","0,895467","0,555924","0,907521","0,883729",ad97f38db0d3
32,deeplab,4,702010,rmsprop,0.2,hist,25/02/2021 04:13:03,25/02/2021 07:06:59,2:53:56,done,done,25/02/2021 07:07:10,25/02/2021 07:07:29,done,"0,095272","0,095272","0,972403","0,972403","0,888726","0,971965","0,546240","0,546240","0,900886","0,900886","0,876890","0,876890","0,066559","0,055241","0,830225","0,855753","0,889490","0,856553","0,547734","0,547734","0,901547","0,901547","0,877752","0,877752","0,350039","0,903258","0,889317","0,547438","0,901347","0,877604",FINOS-00
33,deeplab,4,702010,rmsprop,0.2,hist,04/03/2021 00:36:02,04/03/2021 03:32:15,2:56:13,done,done,04/03/2021 03:32:28,04/03/2021 03:32:48,done,"0,103585","0,103585","0,969258","0,969258","0,891165","0,968785","0,546361","0,546361","0,903478","0,903478","0,879183","0,879183","0,088064","0,057280","0,855161","0,863897","0,891938","0,864264","0,547963","0,547963","0,904143","0,904143","0,880059","0,880059","0,092782","0,860850","0,891762","0,547611","0,903921","0,879925",FINOS-00
34,deeplab,4,702010,rmsprop,0.2,hist,25/02/2021 07:55:48,25/02/2021 12:10:32,4:14:44,done,done,25/02/2021 12:10:41,25/02/2021 12:11:07,done,"0,096367","0,096367","0,969376","0,969376","0,888282","0,968920","0,536286","0,536286","0,900796","0,900796","0,876111","0,876111","0,094831","0,068864","0,830479","0,865385","0,889004","0,865527","0,537683","0,537683","0,901414","0,901414","0,876931","0,876931","0,093219","0,913500","0,888867","0,537342","0,901253","0,876817",fbro-005
35,deeplab,4,702010,rmsprop,0.2,hist,11/03/2021 00:39:58,11/03/2021 03:36:03,2:56:05,done,done,11/03/2021 03:36:13,11/03/2021 03:36:33,done,"0,103987","0,103987","0,969487","0,969487","0,887756","0,969009","0,535352","0,535352","0,900393","0,900393","0,875469","0,875469","0,153693","0,064816","0,847539","0,859955","0,888545","0,860098","0,536815","0,536815","0,901074","0,901074","0,876360","0,876360","0,474777","0,823799","0,888332","0,535992","0,900833","0,876174",FINOS-00
36,deeplab,4,702010,rmsprop,0.2,morf,05/03/2021 09:34:43,05/03/2021 12:31:57,2:57:14,done,done,05/03/2021 12:32:09,05/03/2021 12:32:28,done,"0,097671","0,097671","0,971642","0,971642","0,897639","0,971214","0,558077","0,558077","0,908930","0,908930","0,886626","0,886626","0,068119","0,055085","0,864597","0,874435","0,898361","0,874543","0,559549","0,559549","0,909549","0,909549","0,887445","0,887445","0,091208","0,900858","0,898261","0,559302","0,909414","0,887379",FINOS-00
37,deeplab,4,702010,rmsprop,0.2,morf,25/02/2021 03:41:08,25/02/2021 07:55:05,4:13:57,done,done,25/02/2021 07:55:16,25/02/2021 07:55:43,done,"0,092374","0,092374","0,971368","0,971368","0,896430","0,970948","0,556057","0,556057","0,907532","0,907532","0,885596","0,885596","0,115348","0,066441","0,848041","0,861364","0,897100","0,861243","0,557402","0,557402","0,908105","0,908105","0,886358","0,886358","0,105317","0,894168","0,896943","0,557103","0,907918","0,886230",fbro-005
38,deeplab,4,702010,rmsprop,0.2,morf,09/03/2021 05:56:12,09/03/2021 10:11:14,4:15:02,done,done,09/03/2021 10:11:24,09/03/2021 10:11:50,done,"0,098752","0,098752","0,969494","0,969494","0,898512","0,968965","0,564066","0,564066","0,909213","0,909213","0,888059","0,888059","0,076621","0,076621","0,831844","0,856642","0,899087","0,856935","0,565260","0,565260","0,909706","0,909706","0,888713","0,888713","0,071802","0,891802","0,898865","0,564885","0,909465","0,888510",fbro-005
39,deeplab,4,702010,rmsprop,0.2,morf,25/02/2021 10:06:17,25/02/2021 13:00:18,2:54:01,done,done,25/02/2021 13:00:31,25/02/2021 13:00:49,done,"0,097330","0,097330","0,971066","0,971066","0,896336","0,970638","0,556033","0,556033","0,908101","0,908101","0,884872","0,884872","0,086589","0,049026","0,846314","0,867676","0,897017","0,867790","0,557455","0,557455","0,908684","0,908684","0,885646","0,885646","0,086092","0,875028","0,896823","0,557034","0,908459","0,885481",FINOS-00
40,deeplab,4,702010,rmsprop,0.2,morf,03/03/2021 23:51:20,04/03/2021 04:05:10,4:13:50,done,done,04/03/2021 04:05:20,04/03/2021 04:05:46,done,"0,091695","0,091695","0,971726","0,971726","0,896103","0,971310","0,555459","0,555459","0,909853","0,909853","0,882763","0,882763","0,114468","0,068382","0,867185","0,867185","0,896852","0,867402","0,556966","0,556966","0,910466","0,910466","0,883639","0,883639","0,070402","0,876355","0,896741","0,556811","0,910318","0,883564",fbro-005
41,deeplab,4,801010,adam,0,hist,25/02/2021 14:11:45,25/02/2021 18:05:08,3:53:23,done,done,25/02/2021 18:05:15,25/02/2021 18:05:36,done,"0,068384","0,068384","0,978793","0,978793","0,924980","0,978855","0,615315","0,615315","0,933542","0,933542","0,916573","0,916573","0,201127","0,135226","0,892195","0,904581","0,925618","0,904624","0,616705","0,616705","0,934090","0,934090","0,917298","0,917298","0,091944","0,887883","0,925511","0,616391","0,933979","0,917195",50f4f137dafd
42,deeplab,4,801010,adam,0,hist,07/03/2021 20:04:29,07/03/2021 23:52:51,3:48:22,done,done,07/03/2021 23:52:57,07/03/2021 23:53:17,done,"0,071134","0,071134","0,979612","0,979612","0,925702","0,979688","0,617852","0,617852","0,934089","0,934089","0,917465","0,917465","0,120991","0,103793","0,895672","0,906004","0,926343","0,906139","0,619235","0,619235","0,934643","0,934643","0,918190","0,918190","0,119935","0,882303","0,926234","0,618829","0,934518","0,918095",263c2596bf33
43,deeplab,4,801010,adam,0,hist,25/02/2021 15:54:59,25/02/2021 19:09:02,3:14:03,done,done,25/02/2021 19:09:11,25/02/2021 19:09:31,done,"0,064839","0,064839","0,981118","0,981118","0,926901","0,981201","0,619572","0,619572","0,934110","0,934110","0,919803","0,919803","0,060536","0,053643","0,899986","0,905660","0,927549","0,906012","0,621004","0,621004","0,934685","0,934685","0,920522","0,920522","0,089609","0,902031","0,927474","0,620820","0,934602","0,920453",FINOS-00
44,deeplab,4,801010,adam,0,hist,25/02/2021 16:52:26,25/02/2021 20:36:47,3:44:21,done,done,25/02/2021 20:36:59,25/02/2021 20:37:22,done,"0,072145","0,072145","0,978405","0,978405","0,927321","0,978475","0,619783","0,619783","0,935550","0,935550","0,919235","0,919235","0,088900","0,070725","0,894347","0,903975","0,927923","0,904223","0,621104","0,621104","0,936066","0,936066","0,919921","0,919921","0,112320","0,916998","0,927850","0,620917","0,935977","0,919863",dda49b63158a
45,deeplab,4,801010,adam,0,hist,26/02/2021 00:42:58,26/02/2021 05:16:46,4:33:48,done,done,26/02/2021 05:16:54,26/02/2021 05:17:19,done,"0,072226","0,072226","0,977392","0,977392","0,927429","0,977446","0,616148","0,616148","0,935493","0,935493","0,919503","0,919503","0,095463","0,076023","0,897334","0,900869","0,928016","0,901013","0,617492","0,617492","0,935999","0,935999","0,920169","0,920169","0,081887","0,889336","0,927908","0,617248","0,935877","0,920074",fbro-005
46,deeplab,4,801010,adam,0,morf,09/03/2021 03:31:27,09/03/2021 07:21:08,3:49:41,done,done,09/03/2021 07:21:14,09/03/2021 07:21:35,done,"0,062216","0,062216","0,979448","0,979448","0,927305","0,979617","0,619572","0,619572","0,935457","0,935457","0,919293","0,919293","0,104234","0,084769","0,898465","0,900422","0,927928","0,900626","0,620928","0,620928","0,935997","0,935997","0,919997","0,919997","0,060813","0,906257","0,927854","0,620749","0,935908","0,919938",2727c7fb559e
47,deeplab,4,801010,adam,0,morf,26/02/2021 03:45:05,26/02/2021 06:58:20,3:13:15,done,done,26/02/2021 06:58:29,26/02/2021 06:58:48,done,"0,073904","0,073904","0,977452","0,977452","0,925532","0,977510","0,615128","0,615128","0,933543","0,933543","0,917657","0,917657","0,102372","0,058774","0,883714","0,905562","0,926133","0,905699","0,616458","0,616458","0,934060","0,934060","0,918339","0,918339","0,077241","0,904228","0,926023","0,616189","0,933934","0,918245",FINOS-00
48,deeplab,4,801010,adam,0,morf,25/02/2021 19:09:36,25/02/2021 22:23:21,3:13:45,done,done,25/02/2021 22:23:30,25/02/2021 22:23:49,done,"0,065249","0,065249","0,980719","0,980719","0,926263","0,980799","0,618892","0,618892","0,934252","0,934252","0,918409","0,918409","0,066238","0,056963","0,904870","0,904870","0,926930","0,904966","0,620316","0,620316","0,934836","0,934836","0,919157","0,919157","0,067600","0,917083","0,926879","0,620190","0,934771","0,919119",FINOS-00
49,deeplab,4,801010,adam,0,morf,25/02/2021 16:46:21,25/02/2021 21:22:54,4:36:33,done,done,25/02/2021 21:23:04,25/02/2021 21:23:31,done,"0,069684","0,069684","0,978059","0,978059","0,926333","0,978128","0,617822","0,617822","0,934454","0,934454","0,918351","0,918351","0,090872","0,066012","0,891745","0,902553","0,926941","0,902440","0,619145","0,619145","0,934981","0,934981","0,919038","0,919038","0,075416","0,909247","0,926861","0,618945","0,934887","0,918971",fbro-005
50,deeplab,4,801010,adam,0,morf,25/02/2021 20:25:07,26/02/2021 00:09:35,3:44:28,done,done,26/02/2021 00:09:46,26/02/2021 00:10:06,done,"0,067995","0,067995","0,979704","0,979704","0,926857","0,979785","0,620338","0,620338","0,935124","0,935124","0,918735","0,918735","0,274024","0,077848","0,886848","0,902371","0,927474","0,902367","0,621666","0,621666","0,935655","0,935655","0,919435","0,919435","0,119389","0,879624","0,927329","0,621333","0,935498","0,919302",91e5ea9e10ca
51,deeplab,4,801010,adam,0.2,hist,25/02/2021 20:37:26,26/02/2021 00:30:47,3:53:21,done,done,26/02/2021 00:30:57,26/02/2021 00:31:19,done,"0,090996","0,090996","0,972704","0,972704","0,908761","0,972294","0,585428","0,585428","0,923048","0,923048","0,894910","0,894910","0,227034","0,076477","0,874561","0,886246","0,909530","0,885651","0,586993","0,586993","0,923674","0,923674","0,895812","0,895812","0,157251","0,914176","0,909486","0,586907","0,923601","0,895796",dda49b63158a
52,deeplab,4,801010,adam,0.2,hist,26/02/2021 06:58:51,26/02/2021 10:15:34,3:16:43,done,done,26/02/2021 10:15:48,26/02/2021 10:16:07,done,"0,096220","0,096220","0,970720","0,970720","0,908001","0,970261","0,581720","0,581720","0,922544","0,922544","0,893909","0,893909","0,127670","0,050586","0,864656","0,893198","0,908739","0,893560","0,583267","0,583267","0,923135","0,923135","0,894785","0,894785","0,110715","0,855108","0,908579","0,582889","0,922933","0,894665",FINOS-00
53,deeplab,4,801010,adam,0.2,hist,09/03/2021 01:15:00,09/03/2021 05:55:33,4:40:33,done,done,09/03/2021 05:55:43,09/03/2021 05:56:07,done,"0,091122","0,091122","0,972037","0,972037","0,908889","0,971580","0,582514","0,582514","0,923289","0,923289","0,894931","0,894931","0,104240","0,063287","0,892656","0,892656","0,909671","0,892925","0,584120","0,584120","0,923924","0,923924","0,895851","0,895851","0,112397","0,905319","0,909636","0,584057","0,923860","0,895844",fbro-005
54,deeplab,4,801010,adam,0.2,hist,26/02/2021 05:17:24,26/02/2021 09:55:25,4:38:01,done,done,26/02/2021 09:55:38,26/02/2021 09:56:05,done,"0,085581","0,085581","0,974106","0,974106","0,908451","0,973686","0,581753","0,581753","0,923038","0,923038","0,894317","0,894317","0,079733","0,071132","0,881895","0,898820","0,909253","0,898621","0,583444","0,583444","0,923694","0,923694","0,895257","0,895257","0,101607","0,912355","0,909211","0,583330","0,923622","0,895242",fbro-005
55,deeplab,4,801010,adam,0.2,hist,26/02/2021 10:16:12,26/02/2021 13:33:48,3:17:36,done,done,26/02/2021 13:33:59,26/02/2021 13:34:18,done,"0,096755","0,096755","0,970930","0,970930","0,908952","0,970482","0,585434","0,585434","0,922917","0,922917","0,895403","0,895403","0,067375","0,062015","0,879781","0,888932","0,909696","0,889119","0,587023","0,587023","0,923524","0,923524","0,896276","0,896276","0,140497","0,907173","0,909643","0,586849","0,923439","0,896253",FINOS-00
56,deeplab,4,801010,adam,0.2,morf,07/03/2021 12:00:29,07/03/2021 15:11:25,3:10:56,done,done,07/03/2021 15:11:36,07/03/2021 15:11:53,done,"0,092660","0,092660","0,972204","0,972204","0,909027","0,971783","0,582507","0,582507","0,924324","0,924324","0,894228","0,894228","0,057933","0,046548","0,869270","0,888595","0,909769","0,888597","0,584023","0,584023","0,924907","0,924907","0,895119","0,895119","0,076830","0,866542","0,909641","0,583727","0,924739","0,895028",FINOS-00
57,deeplab,4,801010,adam,0.2,morf,07/03/2021 20:07:58,07/03/2021 23:56:17,3:48:19,done,done,07/03/2021 23:56:31,07/03/2021 23:56:53,done,"0,095843","0,095792","0,970074","0,970141","0,911873","0,969639","0,588144","0,588144","0,925539","0,925539","0,898605","0,898605","0,179961","0,142062","0,877774","0,888614","0,912566","0,888938","0,589620","0,589620","0,926104","0,926104","0,899419","0,899419","0,172205","0,896161","0,912481","0,589418","0,926013","0,899339",9cd0c605650f
58,deeplab,4,801010,adam,0.2,morf,07/03/2021 12:04:01,07/03/2021 15:51:22,3:47:21,done,done,07/03/2021 15:51:29,07/03/2021 15:51:50,done,"0,092079","0,092079","0,972870","0,972870","0,909533","0,972462","0,572570","0,572570","0,922970","0,922970","0,896482","0,896482","0,119082","0,100154","0,883750","0,891234","0,910313","0,891518","0,574267","0,574267","0,923621","0,923621","0,897383","0,897383","0,250794","0,912837","0,910250","0,574194","0,923530","0,897346",61957acd96b0
59,deeplab,4,801010,adam,0.2,morf,26/02/2021 21:01:18,27/02/2021 00:18:13,3:16:55,done,done,27/02/2021 00:18:23,27/02/2021 00:18:42,done,"0,092533","0,092533","0,972122","0,972122","0,909811","0,971701","0,584336","0,584336","0,922935","0,922935","0,897055","0,897055","0,058833","0,058016","0,871690","0,891270","0,910548","0,891641","0,585928","0,585928","0,923545","0,923545","0,897911","0,897911","0,076836","0,857604","0,910402","0,585607","0,923373","0,897790",FINOS-00
60,deeplab,4,801010,adam,0.2,morf,07/03/2021 15:11:57,07/03/2021 18:29:10,3:17:13,done,done,07/03/2021 18:29:18,07/03/2021 18:29:50,done,"0,086350","0,086350","0,974677","0,974677","0,908681","0,974271","0,581079","0,581079","0,922529","0,922529","0,895243","0,895243","0,063200","0,055333","0,868210","0,898660","0,909471","0,898751","0,582787","0,582787","0,923180","0,923180","0,896163","0,896163","0,092541","0,871720","0,909339","0,582492","0,923015","0,896063",FINOS-00
61,deeplab,4,801010,rmsprop,0,hist,27/02/2021 00:08:20,27/02/2021 03:45:46,3:37:26,done,done,27/02/2021 03:45:58,27/02/2021 03:46:20,done,"0,074702","0,074702","0,978314","0,978314","0,923404","0,978384","0,610706","0,610706","0,931244","0,931244","0,915695","0,915695","0,075758","0,050993","0,889282","0,900036","0,924064","0,900152","0,612181","0,612181","0,931825","0,931825","0,916432","0,916432","0,150674","0,887846","0,923941","0,611896","0,931687","0,916322",e843b97adf63
62,deeplab,4,801010,rmsprop,0,hist,27/02/2021 23:07:46,28/02/2021 02:17:59,3:10:13,done,done,28/02/2021 02:18:12,28/02/2021 02:18:31,done,"0,075543","0,075543","0,976827","0,976827","0,922507","0,976888","0,606983","0,606983","0,930277","0,930277","0,914865","0,914865","0,064984","0,059314","0,891405","0,903773","0,923146","0,904282","0,608441","0,608441","0,930839","0,930839","0,915579","0,915579","0,087430","0,924816","0,923107","0,608362","0,930789","0,915550",FINOS-00
63,deeplab,4,801010,rmsprop,0,hist,27/02/2021 03:46:24,27/02/2021 07:30:13,3:43:49,done,done,27/02/2021 07:30:25,27/02/2021 07:30:47,done,"0,074198","0,074198","0,978570","0,978570","0,925815","0,978633","0,617205","0,617205","0,932618","0,932618","0,919110","0,919110","0,064179","0,053738","0,887336","0,895289","0,926436","0,895710","0,618558","0,618558","0,933176","0,933176","0,919792","0,919792","0,110472","0,924332","0,926367","0,618403","0,933100","0,919731",e843b97adf63
64,deeplab,4,801010,rmsprop,0,hist,27/02/2021 03:51:34,27/02/2021 07:38:34,3:47:00,done,done,27/02/2021 07:38:40,27/02/2021 07:39:03,done,"0,067734","0,067734","0,979077","0,979077","0,923470","0,979144","0,611113","0,611113","0,930962","0,930962","0,916098","0,916098","0,085711","0,085711","0,894020","0,898378","0,924140","0,898457","0,612593","0,612593","0,931558","0,931558","0,916840","0,916840","0,055126","0,918300","0,924084","0,612465","0,931492","0,916793",ed272c8064e6
65,deeplab,4,801010,rmsprop,0,hist,07/03/2021 17:40:49,07/03/2021 22:13:10,4:32:21,done,done,07/03/2021 22:13:23,07/03/2021 22:13:47,done,"0,071414","0,071414","0,977699","0,977699","0,924236","0,977759","0,612856","0,612856","0,931376","0,931376","0,917205","0,917205","0,071665","0,069236","0,891437","0,900767","0,924870","0,900980","0,614259","0,614259","0,931938","0,931938","0,917908","0,917908","0,063233","0,912910","0,924796","0,614088","0,931856","0,917843",fbro-005
66,deeplab,4,801010,rmsprop,0,morf,10/03/2021 18:18:23,10/03/2021 21:30:11,3:11:48,done,done,10/03/2021 21:30:22,10/03/2021 21:30:40,done,"0,072638","0,072638","0,978181","0,978181","0,927968","0,978244","0,621841","0,621841","0,934719","0,934719","0,921314","0,921314","0,056207","0,055190","0,891878","0,901348","0,928552","0,901629","0,623133","0,623133","0,935239","0,935239","0,921960","0,921960","0,137443","0,917210","0,928476","0,622960","0,935158","0,921888",FINOS-00
67,deeplab,4,801010,rmsprop,0,morf,27/02/2021 21:30:24,28/02/2021 01:08:12,3:37:48,done,done,28/02/2021 01:08:28,28/02/2021 01:08:50,done,"0,070623","0,070623","0,976917","0,976917","0,928277","0,976982","0,620908","0,620908","0,935180","0,935180","0,921476","0,921476","0,121443","0,075464","0,891892","0,898143","0,928837","0,898328","0,622135","0,622135","0,935673","0,935673","0,922101","0,922101","0,125019","0,912577","0,928745","0,621897","0,935571","0,922018",89833e99a036
68,deeplab,4,801010,rmsprop,0,morf,28/02/2021 11:56:13,28/02/2021 15:06:29,3:10:16,done,done,28/02/2021 15:06:38,28/02/2021 15:06:57,done,"0,068213","0,068213","0,979370","0,979370","0,928872","0,979439","0,623344","0,623344","0,935300","0,935300","0,922531","0,922531","0,082563","0,059383","0,883166","0,902011","0,929448","0,902078","0,624627","0,624627","0,935816","0,935816","0,923166","0,923166","0,101353","0,856831","0,929264","0,624167","0,935620","0,922993",FINOS-00
69,deeplab,4,801010,rmsprop,0,morf,04/03/2021 03:32:53,04/03/2021 06:43:31,3:10:38,done,done,04/03/2021 06:43:41,04/03/2021 06:44:00,done,"0,073791","0,073791","0,977257","0,977257","0,927249","0,977315","0,619438","0,619438","0,934214","0,934214","0,920387","0,920387","0,076827","0,060081","0,888096","0,898338","0,927832","0,898595","0,620756","0,620756","0,934730","0,934730","0,921036","0,921036","0,122248","0,907968","0,927742","0,620548","0,934628","0,920957",FINOS-00
70,deeplab,4,801010,rmsprop,0,morf,27/02/2021 21:32:15,28/02/2021 01:14:51,3:42:36,done,done,28/02/2021 01:14:57,28/02/2021 01:15:19,done,"0,071198","0,071198","0,977168","0,977168","0,924975","0,977221","0,604542","0,604542","0,933372","0,933372","0,916727","0,916727","0,098094","0,073901","0,881090","0,892231","0,925576","0,892308","0,605957","0,605957","0,933888","0,933888","0,917411","0,917411","0,070683","0,923739","0,925509","0,605850","0,933808","0,917356",27680e743418
71,deeplab,4,801010,rmsprop,0.2,hist,28/02/2021 01:08:56,28/02/2021 04:56:30,3:47:34,done,done,28/02/2021 04:56:41,28/02/2021 04:57:04,done,"0,097918","0,097918","0,968998","0,968998","0,909134","0,968538","0,584680","0,584680","0,922683","0,922683","0,895977","0,895977","0,095050","0,086563","0,895920","0,906380","0,909885","0,906596","0,586263","0,586263","0,923304","0,923304","0,896851","0,896851","0,090187","0,865345","0,909782","0,586035","0,923166","0,896781",89833e99a036
72,deeplab,4,801010,rmsprop,0.2,hist,08/03/2021 19:44:33,08/03/2021 23:25:26,3:40:53,done,done,08/03/2021 23:25:35,08/03/2021 23:25:54,done,"0,098429","0,098429","0,970378","0,970378","0,909148","0,969879","0,585012","0,585012","0,922610","0,922610","0,896073","0,896073","0,058474","0,055601","0,878023","0,890749","0,909879","0,891115","0,586567","0,586567","0,923213","0,923213","0,896924","0,896924","0,112684","0,897921","0,909819","0,586464","0,923128","0,896889",04881179d0a8
73,deeplab,4,801010,rmsprop,0.2,hist,28/02/2021 01:15:22,28/02/2021 05:06:00,3:50:38,done,done,28/02/2021 05:06:11,28/02/2021 05:06:33,done,"0,097588","0,097588","0,969218","0,969218","0,905530","0,968749","0,578745","0,578745","0,918734","0,918734","0,892700","0,892700","0,112626","0,085790","0,854059","0,879895","0,906266","0,880624","0,580296","0,580296","0,919349","0,919349","0,893551","0,893551","0,306614","0,876514","0,906129","0,579979","0,919182","0,893441",27680e743418
74,deeplab,4,801010,rmsprop,0.2,hist,28/02/2021 02:18:36,28/02/2021 05:31:28,3:12:52,done,done,28/02/2021 05:31:40,28/02/2021 05:31:59,done,"0,099068","0,099068","0,970228","0,970228","0,909688","0,969748","0,584725","0,584725","0,922805","0,922805","0,896938","0,896938","0,069452","0,061638","0,895024","0,899537","0,910437","0,899694","0,586345","0,586345","0,923431","0,923431","0,897804","0,897804","0,073188","0,907827","0,910410","0,586252","0,923379","0,897800",FINOS-00
75,deeplab,4,801010,rmsprop,0.2,hist,28/02/2021 02:49:30,28/02/2021 06:31:37,3:42:07,done,done,28/02/2021 06:31:49,28/02/2021 06:32:11,done,"0,099903","0,099903","0,970686","0,970686","0,907152","0,970201","0,580825","0,580825","0,920264","0,920264","0,894409","0,894409","0,150407","0,139758","0,861844","0,893129","0,907895","0,893319","0,582418","0,582418","0,920886","0,920886","0,895266","0,895266","0,124794","0,896491","0,907797","0,582259","0,920768","0,895186",9f4186fd7b20
76,deeplab,4,801010,rmsprop,0.2,morf,07/03/2021 15:21:11,07/03/2021 19:07:51,3:46:40,done,done,07/03/2021 19:07:56,07/03/2021 19:08:17,done,"0,091611","0,091611","0,973476","0,973476","0,909463","0,973072","0,581006","0,581006","0,922291","0,922291","0,896987","0,896987","0,059753","0,059753","0,864617","0,892343","0,910220","0,892255","0,582643","0,582643","0,922925","0,922925","0,897860","0,897860","0,112948","0,891362","0,910116","0,582450","0,922801","0,897775",c5da7508ea96
77,deeplab,4,801010,rmsprop,0.2,morf,08/03/2021 06:32:51,08/03/2021 10:22:47,3:49:56,done,done,08/03/2021 10:22:53,08/03/2021 10:23:13,done,"0,095708","0,095708","0,970765","0,970765","0,908793","0,970318","0,575802","0,575802","0,921367","0,921367","0,896558","0,896558","0,165466","0,088415","0,871023","0,899456","0,909523","0,899830","0,577371","0,577371","0,921982","0,921982","0,897397","0,897397","0,101743","0,909704","0,909457","0,577226","0,921889","0,897356",b2655b5ab05b
78,deeplab,4,801010,rmsprop,0.2,morf,08/03/2021 07:11:28,08/03/2021 10:59:47,3:48:19,done,done,08/03/2021 10:59:59,08/03/2021 11:00:20,done,"0,107061","0,107061","0,968790","0,968790","0,907632","0,968357","0,578752","0,578752","0,920072","0,920072","0,895524","0,895524","0,139487","0,114408","0,868285","0,889277","0,908334","0,889474","0,580244","0,580244","0,920658","0,920658","0,896336","0,896336","0,181806","0,867261","0,908206","0,579928","0,920495","0,896240",f6fb5e0c2cb1
79,deeplab,4,801010,rmsprop,0.2,morf,10/03/2021 21:30:44,11/03/2021 00:39:18,3:08:34,done,done,11/03/2021 00:39:30,11/03/2021 00:39:52,done,"0,089701","0,089701","0,973440","0,973440","0,910046","0,973036","0,585715","0,585715","0,922817","0,922817","0,897624","0,897624","0,066324","0,064132","0,891427","0,894222","0,910828","0,894245","0,587365","0,587365","0,923477","0,923477","0,898520","0,898520","0,284557","0,884933","0,910758","0,587185","0,923385","0,898472",FINOS-00
80,deeplab,4,801010,rmsprop,0.2,morf,07/03/2021 15:23:47,07/03/2021 19:17:04,3:53:17,done,done,07/03/2021 19:17:07,07/03/2021 19:17:29,done,"0,094127","0,094127","0,973799","0,973799","0,911302","0,973410","0,587207","0,587207","0,924194","0,924194","0,898764","0,898764","0,073104","0,070278","0,884264","0,890281","0,912057","0,890778","0,588808","0,588808","0,924827","0,924827","0,899635","0,899635","0,219397","0,883150","0,911964","0,588611","0,924707","0,899568",cecf664fd4b6
81,unet,4,702010,adam,0,hist,08/03/2021 10:52:45,08/03/2021 13:27:23,2:34:38,done,done,08/03/2021 13:27:41,08/03/2021 13:28:01,done,"0,051229","0,051229","0,982054","0,982054","0,912954","0,982294","0,581237","0,581237","0,924706","0,924706","0,901496","0,901496","0,160965","0,055723","0,861456","0,867994","0,913568","0,868285","0,582582","0,582582","0,925200","0,925200","0,902224","0,902224","0,099414","0,931055","0,913429","0,582393","0,925021","0,902123",FINOS-00
82,unet,4,702010,adam,0,hist,28/02/2021 06:35:06,28/02/2021 09:22:34,2:47:28,done,done,28/02/2021 09:22:41,28/02/2021 09:23:03,done,"0,049015","0,049015","0,983683","0,983683","0,911832","0,983847","0,577227","0,577227","0,924333","0,924333","0,899664","0,899664","0,072987","0,042343","0,856834","0,873387","0,912453","0,873622","0,578605","0,578605","0,924814","0,924814","0,900419","0,900419","0,129308","0,934155","0,912324","0,578392","0,924639","0,900333",cc813c0d1eab
83,unet,4,702010,adam,0,hist,28/02/2021 06:36:04,28/02/2021 09:20:20,2:44:16,done,done,28/02/2021 09:20:32,28/02/2021 09:20:54,done,"0,050839","0,050839","0,981605","0,981605","0,913200","0,982029","0,582368","0,582368","0,924046","0,924046","0,902606","0,902606","0,192667","0,100752","0,859727","0,868039","0,913816","0,868259","0,583777","0,583777","0,924550","0,924550","0,903329","0,903329","0,079257","0,922723","0,913651","0,583555","0,924348","0,903198",10476d32d891
84,unet,4,702010,adam,0,hist,08/03/2021 20:00:06,08/03/2021 22:33:59,2:33:53,done,done,08/03/2021 22:34:10,08/03/2021 22:34:29,done,"0,060724","0,060724","0,979433","0,979433","0,912594","0,979701","0,580946","0,580946","0,923809","0,923809","0,901649","0,901649","0,129316","0,055269","0,861825","0,870836","0,913190","0,871077","0,582261","0,582261","0,924286","0,924286","0,902358","0,902358","0,059413","0,928550","0,913055","0,582069","0,924112","0,902260",FINOS-00
85,unet,4,702010,adam,0,hist,28/02/2021 09:20:58,28/02/2021 12:06:56,2:45:58,done,done,28/02/2021 12:07:07,28/02/2021 12:07:29,done,"0,056011","0,056011","0,981742","0,981742","0,914190","0,981952","0,584691","0,584691","0,926152","0,926152","0,902533","0,902533","0,244520","0,101347","0,858971","0,878771","0,914770","0,878475","0,585978","0,585978","0,926600","0,926600","0,903239","0,903239","0,107624","0,937306","0,914638","0,585805","0,926425","0,903148",10476d32d891
86,unet,4,702010,adam,0,morf,28/02/2021 09:23:05,28/02/2021 12:11:26,2:48:21,done,done,28/02/2021 12:11:33,28/02/2021 12:11:53,done,"0,062679","0,062679","0,980921","0,980921","0,911085","0,981055","0,574219","0,574219","0,922466","0,922466","0,899982","0,899982","0,063646","0,049707","0,855800","0,872833","0,911672","0,872862","0,575456","0,575456","0,922932","0,922932","0,900684","0,900684","0,250198","0,929791","0,911547","0,575222","0,922773","0,900590",cc813c0d1eab
87,unet,4,702010,adam,0,morf,10/03/2021 04:31:53,10/03/2021 08:44:11,4:12:18,done,done,10/03/2021 08:44:21,10/03/2021 08:44:49,done,"0,050993","0,050993","0,983153","0,983153","0,912380","0,983318","0,579416","0,579416","0,924484","0,924484","0,900589","0,900589","0,098498","0,062874","0,863150","0,872913","0,913012","0,873182","0,580813","0,580813","0,924979","0,924979","0,901350","0,901350","0,056856","0,919082","0,912872","0,580562","0,924797","0,901251",fbro-005
88,unet,4,702010,adam,0,morf,28/02/2021 12:07:33,28/02/2021 14:55:53,2:48:20,done,done,28/02/2021 14:56:05,28/02/2021 14:56:27,done,"0,064186","0,064186","0,978849","0,978849","0,911755","0,979019","0,578541","0,578541","0,923076","0,923076","0,900709","0,900709","0,114596","0,081931","0,857163","0,870137","0,912338","0,870299","0,579847","0,579847","0,923536","0,923536","0,901408","0,901408","0,237754","0,918534","0,912186","0,579579","0,923345","0,901293",10476d32d891
89,unet,4,702010,adam,0,morf,04/03/2021 04:05:52,04/03/2021 08:17:42,4:11:50,done,done,04/03/2021 08:17:53,04/03/2021 08:18:22,done,"0,062075","0,062075","0,979944","0,979944","0,906566","0,980076","0,565862","0,565862","0,919642","0,919642","0,893857","0,893857","0,067945","0,048500","0,856799","0,867513","0,907231","0,867524","0,567256","0,567256","0,920166","0,920166","0,894654","0,894654","0,232088","0,919713","0,907093","0,567075","0,919982","0,894560",fbro-005
90,unet,4,702010,adam,0,morf,28/02/2021 12:11:56,28/02/2021 15:02:53,2:50:57,done,done,28/02/2021 15:02:59,28/02/2021 15:03:19,done,"0,043858","0,043858","0,985072","0,985072","0,909230","0,985240","0,574570","0,574570","0,920828","0,920828","0,897920","0,897920","0,065761","0,035851","0,848758","0,865893","0,909883","0,866157","0,575884","0,575884","0,921353","0,921353","0,898695","0,898695","0,196490","0,929079","0,909728","0,575564","0,921156","0,898580",cc813c0d1eab
91,unet,4,702010,adam,0.2,hist,28/02/2021 09:35:21,28/02/2021 13:44:33,4:09:12,done,done,28/02/2021 13:44:41,28/02/2021 13:45:09,done,"0,100025","0,100025","0,968145","0,968145","0,902871","0,968308","0,559341","0,559341","0,915504","0,915504","0,890582","0,890582","0,072640","0,063627","0,861458","0,871358","0,903469","0,871603","0,560641","0,560641","0,915965","0,915965","0,891310","0,891310","0,107000","0,935791","0,903389","0,560594","0,915845","0,891268",fbro-005
92,unet,4,702010,adam,0.2,hist,05/03/2021 02:43:51,05/03/2021 05:18:03,2:34:12,done,done,05/03/2021 05:18:18,05/03/2021 05:18:38,done,"0,083511","0,083511","0,971298","0,971298","0,894523","0,971536","0,543008","0,543008","0,909553","0,909553","0,879981","0,879981","0,296993","0,058823","0,849244","0,869724","0,895246","0,869767","0,544442","0,544442","0,910118","0,910118","0,880853","0,880853","0,070185","0,929283","0,895157","0,544278","0,909981","0,880808",FINOS-00
93,unet,4,702010,adam,0.2,hist,10/03/2021 07:38:00,10/03/2021 10:22:25,2:44:25,done,done,10/03/2021 10:22:33,10/03/2021 10:22:52,done,"0,096487","0,096487","0,968169","0,968169","0,898878","0,968318","0,551848","0,551848","0,912308","0,912308","0,885837","0,885837","0,119036","0,064681","0,835095","0,873360","0,899462","0,873464","0,553041","0,553041","0,912745","0,912745","0,886561","0,886561","0,077415","0,912224","0,899267","0,552589","0,912503","0,886410",ff05bf1d3532
94,unet,4,702010,adam,0.2,hist,28/02/2021 17:41:33,28/02/2021 20:13:44,2:32:11,done,done,28/02/2021 20:13:55,28/02/2021 20:14:15,done,"0,085429","0,085429","0,970176","0,970176","0,900241","0,970408","0,553880","0,553880","0,912905","0,912905","0,887924","0,887924","0,329768","0,072786","0,853692","0,874979","0,900888","0,875138","0,555368","0,555368","0,913417","0,913417","0,888699","0,888699","0,106691","0,935773","0,900797","0,555302","0,913283","0,888647",FINOS-00
95,unet,4,702010,adam,0.2,hist,07/03/2021 23:47:27,08/03/2021 02:21:06,2:33:39,done,done,08/03/2021 02:21:19,08/03/2021 02:21:37,done,"0,094747","0,094747","0,968463","0,968463","0,899393","0,968642","0,554052","0,554052","0,912503","0,912503","0,886654","0,886654","0,062029","0,053901","0,847074","0,875277","0,900014","0,875688","0,555414","0,555414","0,912981","0,912981","0,887411","0,887411","0,061651","0,929608","0,899895","0,555293","0,912815","0,887335",FINOS-00
96,unet,4,702010,adam,0.2,morf,04/03/2021 13:01:07,04/03/2021 15:33:21,2:32:14,done,done,04/03/2021 15:33:31,04/03/2021 15:33:51,done,"0,086986","0,086986","0,970974","0,970974","0,897024","0,971149","0,546345","0,546345","0,910384","0,910384","0,884051","0,884051","0,102649","0,059527","0,852175","0,869750","0,897728","0,869880","0,547933","0,547933","0,910943","0,910943","0,884891","0,884891","0,147227","0,928238","0,897636","0,547846","0,910804","0,884843",FINOS-00
97,unet,4,702010,adam,0.2,morf,28/02/2021 13:45:14,28/02/2021 17:54:44,4:09:30,done,done,28/02/2021 17:54:53,28/02/2021 17:55:21,done,"0,097872","0,097872","0,969044","0,969044","0,899581","0,969177","0,551226","0,551226","0,913841","0,913841","0,885759","0,885759","0,065256","0,062126","0,856288","0,867417","0,900215","0,867562","0,552628","0,552628","0,914316","0,914316","0,886542","0,886542","0,230290","0,927881","0,900129","0,552548","0,914183","0,886501",fbro-005
98,unet,4,702010,adam,0.2,morf,10/03/2021 10:22:55,10/03/2021 13:08:42,2:45:47,done,done,10/03/2021 13:08:49,10/03/2021 13:09:08,done,"0,119180","0,119180","0,964427","0,964427","0,899999","0,964576","0,553573","0,553573","0,913870","0,913870","0,886542","0,886542","0,080412","0,067230","0,855974","0,864911","0,900598","0,865086","0,554892","0,554892","0,914314","0,914314","0,887287","0,887287","0,126982","0,921273","0,900488","0,554660","0,914154","0,887225",ff05bf1d3532
99,unet,4,702010,adam,0.2,morf,28/02/2021 20:22:07,28/02/2021 23:08:23,2:46:16,done,done,28/02/2021 23:08:30,28/02/2021 23:08:49,done,"0,097818","0,097818","0,967697","0,967697","0,897314","0,967824","0,547863","0,547863","0,911974","0,911974","0,883117","0,883117","0,030330","0,030330","0,855276","0,864820","0,897966","0,864621","0,549298","0,549298","0,912465","0,912465","0,883920","0,883920","0,166218","0,927196","0,897884","0,549244","0,912329","0,883889",59db4e62a6ce
100,unet,4,702010,adam,0.2,morf,28/02/2021 20:23:44,28/02/2021 23:11:19,2:47:35,done,done,28/02/2021 23:11:25,28/02/2021 23:11:44,done,"0,086271","0,086271","0,971742","0,971742","0,895282","0,971853","0,542892","0,542892","0,909553","0,909553","0,881452","0,881452","0,293761","0,068753","0,854725","0,871784","0,896003","0,871928","0,544489","0,544489","0,910113","0,910113","0,882324","0,882324","0,108637","0,917762","0,895924","0,544377","0,909981","0,882295",71485bb35566
101,unet,4,702010,rmsprop,0,hist,28/02/2021 22:06:00,01/03/2021 02:16:49,4:10:49,done,done,01/03/2021 02:17:01,01/03/2021 02:17:29,done,"0,059665","0,059665","0,979894","0,979894","0,913657","0,980038","0,583841","0,583841","0,925005","0,925005","0,902584","0,902584","0,065495","0,050592","0,866624","0,874087","0,914242","0,874116","0,585141","0,585141","0,925465","0,925465","0,903287","0,903287","0,216291","0,920396","0,914106","0,584931","0,925293","0,903187",fbro-005
102,unet,4,702010,rmsprop,0,hist,28/02/2021 17:55:26,28/02/2021 22:05:20,4:09:54,done,done,28/02/2021 22:05:27,28/02/2021 22:05:56,done,"0,054070","0,054070","0,982424","0,982424","0,914110","0,982632","0,582144","0,582144","0,925536","0,925536","0,902963","0,902963","0,070818","0,058169","0,864603","0,872220","0,914709","0,872521","0,583532","0,583532","0,926011","0,926011","0,903680","0,903680","0,066849","0,926066","0,914579","0,583357","0,925838","0,903590",fbro-005
103,unet,4,702010,rmsprop,0,hist,28/02/2021 22:47:37,01/03/2021 01:19:58,2:32:21,done,done,01/03/2021 01:20:06,01/03/2021 01:20:25,done,"0,043361","0,043361","0,984829","0,984829","0,914853","0,984984","0,584575","0,584575","0,925677","0,925677","0,904280","0,904280","0,069283","0,053118","0,865749","0,874890","0,915487","0,874966","0,586059","0,586059","0,926194","0,926194","0,905024","0,905024","0,088601","0,929718","0,915357","0,585897","0,926027","0,904930",FINOS-00
104,unet,4,702010,rmsprop,0,hist,28/02/2021 23:06:41,01/03/2021 01:52:10,2:45:29,done,done,01/03/2021 01:52:17,01/03/2021 01:52:35,done,"0,060883","0,060883","0,979654","0,979654","0,911875","0,979808","0,581223","0,581223","0,923755","0,923755","0,900296","0,900296","0,113516","0,080885","0,867088","0,877340","0,912489","0,877570","0,582607","0,582607","0,924241","0,924241","0,901033","0,901033","0,075588","0,927556","0,912375","0,582455","0,924088","0,900956",172462613bb4
105,unet,4,702010,rmsprop,0,hist,28/02/2021 23:08:52,01/03/2021 01:55:15,2:46:23,done,done,01/03/2021 01:55:21,01/03/2021 01:55:42,done,"0,052995","0,052995","0,982039","0,982039","0,912997","0,982316","0,582200","0,582200","0,924288","0,924288","0,901979","0,901979","0,037113","0,024026","0,862784","0,873310","0,913622","0,873515","0,583571","0,583571","0,924791","0,924791","0,902719","0,902719","0,278939","0,936837","0,913499","0,583437","0,924626","0,902636",59db4e62a6ce
106,unet,4,702010,rmsprop,0,morf,01/03/2021 05:32:06,01/03/2021 08:14:50,2:42:44,done,done,01/03/2021 08:15:05,01/03/2021 08:15:31,done,"0,068353","0,068353","0,977730","0,977730","0,911313","0,977997","0,579728","0,579728","0,922688","0,922688","0,900216","0,900216","0,206959","0,103225","0,860042","0,875185","0,911913","0,875401","0,581066","0,581066","0,923169","0,923169","0,900928","0,900928","0,177651","0,919432","0,911747","0,580846","0,922979","0,900786",1556c658e0e5
107,unet,4,702010,rmsprop,0,morf,08/03/2021 10:53:44,08/03/2021 13:35:59,2:42:15,done,done,08/03/2021 13:36:09,08/03/2021 13:36:28,done,"0,056622","0,056622","0,980162","0,980162","0,911826","0,980329","0,578431","0,578431","0,923543","0,923543","0,900403","0,900403","0,063731","0,054261","0,861902","0,875020","0,912429","0,875126","0,579796","0,579796","0,924020","0,924020","0,901125","0,901125","0,092077","0,927670","0,912296","0,579616","0,923848","0,901029",9792860bcf0f
108,unet,4,702010,rmsprop,0,morf,10/03/2021 08:44:52,10/03/2021 12:54:50,4:09:58,done,done,10/03/2021 12:55:01,10/03/2021 12:55:29,done,"0,063962","0,063962","0,979142","0,979142","0,909455","0,979285","0,572540","0,572540","0,920706","0,920706","0,898475","0,898475","0,075271","0,046725","0,842868","0,870744","0,910011","0,871028","0,573835","0,573835","0,921143","0,921143","0,899144","0,899144","0,102863","0,926021","0,909846","0,573654","0,920942","0,899015",fbro-005
109,unet,4,702010,rmsprop,0,morf,01/03/2021 06:26:02,01/03/2021 08:57:25,2:31:23,done,done,01/03/2021 08:57:41,01/03/2021 08:58:02,done,"0,045491","0,045491","0,984464","0,984464","0,910981","0,984623","0,576607","0,576607","0,922373","0,922373","0,899867","0,899867","0,166521","0,064937","0,858136","0,873921","0,911643","0,873984","0,578058","0,578058","0,922909","0,922909","0,900648","0,900648","0,077203","0,926115","0,911498","0,577817","0,922725","0,900540",FINOS-00
110,unet,4,702010,rmsprop,0,morf,08/03/2021 13:36:32,08/03/2021 16:21:05,2:44:33,done,done,08/03/2021 16:21:14,08/03/2021 16:21:33,done,"0,065141","0,065141","0,978285","0,978285","0,909230","0,978487","0,573303","0,573303","0,922589","0,922589","0,896252","0,896252","0,050689","0,050689","0,864339","0,870960","0,909860","0,871125","0,574688","0,574688","0,923070","0,923070","0,897023","0,897023","0,363948","0,921425","0,909738","0,574518","0,922895","0,896951",9792860bcf0f
111,unet,4,702010,rmsprop,0.2,hist,01/03/2021 02:17:34,01/03/2021 06:27:14,4:09:40,done,done,01/03/2021 06:27:24,01/03/2021 06:27:52,done,"0,091096","0,091096","0,971487","0,971487","0,901356","0,971596","0,556269","0,556269","0,914708","0,914708","0,888389","0,888389","0,062746","0,058153","0,861994","0,872114","0,902013","0,872364","0,557734","0,557734","0,915219","0,915219","0,889183","0,889183","0,068713","0,930685","0,901942","0,557698","0,915102","0,889155",fbro-005
112,unet,4,702010,rmsprop,0.2,hist,01/03/2021 07:28:16,01/03/2021 13:36:46,6:08:30,done,done,01/03/2021 13:36:50,01/03/2021 13:37:24,done,"0,096887","0,096887","0,966956","0,966956","0,896678","0,967096","0,546539","0,546539","0,909315","0,909315","0,884388","0,884388","0,092742","0,065625","0,858667","0,874021","0,897343","0,874154","0,548045","0,548045","0,909848","0,909848","0,885178","0,885178","0,253308","0,904163","0,897223","0,547987","0,909691","0,885093",618387a3844d
113,unet,4,702010,rmsprop,0.2,hist,01/03/2021 07:28:10,01/03/2021 12:28:06,4:59:56,done,done,01/03/2021 12:28:15,01/03/2021 12:28:44,done,"0,105002","0,105002","0,965124","0,965124","0,896115","0,965266","0,545774","0,545774","0,908527","0,908527","0,884037","0,884037","0,054282","0,054282","0,866339","0,874633","0,896799","0,874757","0,547191","0,547191","0,909084","0,909084","0,884841","0,884841","0,065543","0,931248","0,896757","0,547136","0,909000","0,884840",fea04a445d5d
114,unet,4,702010,rmsprop,0.2,hist,01/03/2021 08:15:35,01/03/2021 10:59:05,2:43:30,done,done,01/03/2021 10:59:19,01/03/2021 10:59:42,done,"0,099538","0,099538","0,966493","0,966493","0,899003","0,966644","0,552172","0,552172","0,912527","0,912527","0,885874","0,885874","0,069649","0,064895","0,865156","0,877061","0,899667","0,877111","0,553651","0,553651","0,913050","0,913050","0,886670","0,886670","0,087363","0,933214","0,899600","0,553592","0,912940","0,886645",1556c658e0e5
115,unet,4,702010,rmsprop,0.2,hist,01/03/2021 08:19:28,01/03/2021 11:03:41,2:44:13,done,done,01/03/2021 11:03:52,01/03/2021 11:04:15,done,"0,101871","0,101871","0,965972","0,965972","0,897047","0,966125","0,548790","0,548790","0,910194","0,910194","0,884275","0,884275","0,353500","0,067515","0,849514","0,870557","0,897682","0,870862","0,550175","0,550175","0,910690","0,910690","0,885041","0,885041","0,054894","0,927447","0,897567","0,550093","0,910528","0,884969",bcf460ff1398
116,unet,4,702010,rmsprop,0.2,morf,04/03/2021 08:18:27,04/03/2021 12:26:35,4:08:08,done,done,04/03/2021 12:26:44,04/03/2021 12:27:13,done,"0,083865","0,083865","0,971400","0,971400","0,897994","0,971509","0,548850","0,548850","0,910620","0,910620","0,885713","0,885713","0,055422","0,053437","0,856259","0,872070","0,898678","0,872301","0,550356","0,550356","0,911170","0,911170","0,886523","0,886523","0,104197","0,920886","0,898580","0,550198","0,911027","0,886469",fbro-005
117,unet,4,702010,rmsprop,0.2,morf,01/03/2021 06:27:59,01/03/2021 10:36:40,4:08:41,done,done,01/03/2021 10:36:52,01/03/2021 10:37:20,done,"0,100384","0,100384","0,966546","0,966546","0,896822","0,966685","0,546678","0,546678","0,910209","0,910209","0,883823","0,883823","0,061256","0,053459","0,848800","0,869512","0,897452","0,869788","0,547945","0,547945","0,910705","0,910705","0,884580","0,884580","0,141725","0,925594","0,897339","0,547657","0,910547","0,884509",fbro-005
118,unet,4,702010,rmsprop,0.2,morf,10/03/2021 19:32:31,10/03/2021 23:40:12,4:07:41,done,done,10/03/2021 23:40:23,10/03/2021 23:40:50,done,"0,102061","0,102061","0,966514","0,966514","0,897236","0,966645","0,548225","0,548225","0,910410","0,910410","0,884438","0,884438","0,052800","0,049782","0,868537","0,873170","0,897911","0,873440","0,549688","0,549688","0,910945","0,910945","0,885244","0,885244","0,064583","0,922390","0,897875","0,549705","0,910863","0,885253",fbro-005
119,unet,4,702010,rmsprop,0.2,morf,01/03/2021 11:04:20,01/03/2021 13:50:36,2:46:16,done,done,01/03/2021 13:50:50,01/03/2021 13:51:14,done,"0,078926","0,078926","0,973084","0,973084","0,895562","0,973195","0,544853","0,544853","0,909206","0,909206","0,882321","0,882321","0,393628","0,082310","0,861810","0,869721","0,896334","0,869801","0,546539","0,546539","0,909829","0,909829","0,883233","0,883233","0,064791","0,917336","0,896256","0,546425","0,909698","0,883205",bcf460ff1398
120,unet,4,702010,rmsprop,0.2,morf,01/03/2021 11:29:28,01/03/2021 14:01:16,2:31:48,done,done,01/03/2021 14:01:30,01/03/2021 14:01:49,done,"0,087563","0,087563","0,971771","0,971771","0,898011","0,971891","0,547774","0,547774","0,910753","0,910753","0,885620","0,885620","0,361235","0,069669","0,859841","0,869480","0,898725","0,869867","0,549395","0,549395","0,911333","0,911333","0,886462","0,886462","0,152939","0,935916","0,898667","0,549368","0,911234","0,886441",FINOS-00
121,unet,4,801010,adam,0,hist,01/03/2021 23:00:51,02/03/2021 01:46:48,2:45:57,done,done,02/03/2021 01:46:57,02/03/2021 01:47:17,done,"0,055105","0,055105","0,982625","0,982625","0,926437","0,982805","0,604600","0,604600","0,937931","0,937931","0,915222","0,915222","0,094027","0,053131","0,909133","0,913657","0,927137","0,913860","0,606204","0,606204","0,938504","0,938504","0,916042","0,916042","0,071543","0,930713","0,927115","0,606198","0,938455","0,916046",FINOS-00
122,unet,4,801010,adam,0,hist,01/03/2021 23:09:32,02/03/2021 02:06:49,2:57:17,done,done,02/03/2021 02:07:00,02/03/2021 02:07:20,done,"0,061007","0,061007","0,980395","0,980395","0,920477","0,980534","0,595228","0,595228","0,931224","0,931224","0,909976","0,909976","0,063279","0,040850","0,899500","0,902627","0,921213","0,902929","0,596859","0,596859","0,931847","0,931847","0,910819","0,910819","0,075432","0,899531","0,921149","0,596746","0,931758","0,910778",4159860176a3
123,unet,4,801010,adam,0,hist,01/03/2021 19:33:36,01/03/2021 22:18:59,2:45:23,done,done,01/03/2021 22:19:08,01/03/2021 22:19:27,done,"0,044235","0,044235","0,984715","0,984715","0,926272","0,984896","0,608754","0,608754","0,937055","0,937055","0,915734","0,915734","0,079105","0,053317","0,908179","0,912109","0,926995","0,912252","0,610391","0,610391","0,937661","0,937661","0,916569","0,916569","0,058345","0,924263","0,926962","0,610329","0,937603","0,916560",FINOS-00
124,unet,4,801010,adam,0,hist,02/03/2021 04:32:33,02/03/2021 07:16:24,2:43:51,done,done,02/03/2021 07:16:35,02/03/2021 07:16:55,done,"0,066350","0,066297","0,978817","0,978817","0,924976","0,979181","0,604972","0,604972","0,935905","0,935905","0,914299","0,914299","0,095383","0,061607","0,904372","0,911528","0,925625","0,911623","0,606485","0,606485","0,936439","0,936439","0,915057","0,915057","0,074954","0,931052","0,925605","0,606461","0,936396","0,915060",FINOS-00
125,unet,4,801010,adam,0,hist,02/03/2021 01:47:22,02/03/2021 04:31:59,2:44:37,done,done,02/03/2021 04:32:09,02/03/2021 04:32:29,done,"0,046754","0,046754","0,983836","0,983836","0,925002","0,983976","0,604419","0,604419","0,935895","0,935895","0,914359","0,914359","0,083668","0,047778","0,911108","0,911108","0,925733","0,911345","0,606080","0,606080","0,936513","0,936513","0,915199","0,915199","0,057889","0,914487","0,925697","0,606015","0,936449","0,915190",FINOS-00
126,unet,4,801010,adam,0,morf,01/03/2021 14:01:54,01/03/2021 16:47:15,2:45:21,done,done,01/03/2021 16:47:26,01/03/2021 16:47:46,done,"0,051345","0,051345","0,983166","0,983166","0,925564","0,983337","0,607785","0,607785","0,938136","0,938136","0,913324","0,913324","0,069947","0,054195","0,896372","0,912280","0,926262","0,912122","0,609304","0,609304","0,938693","0,938693","0,914156","0,914156","0,087004","0,915669","0,926200","0,609190","0,938600","0,914123",FINOS-00
127,unet,4,801010,adam,0,morf,01/03/2021 14:08:45,01/03/2021 19:43:51,5:35:06,done,done,01/03/2021 19:44:02,01/03/2021 19:44:31,done,"0,054423","0,053809","0,981273","0,981273","0,922324","0,981427","0,600375","0,600375","0,934528","0,934528","0,910434","0,910434","0,241873","0,129928","0,907929","0,907929","0,923060","0,908141","0,602008","0,602008","0,935134","0,935134","0,911293","0,911293","0,246672","0,897805","0,922994","0,601898","0,935039","0,911255",404a03924f60
128,unet,4,801010,adam,0,morf,02/03/2021 15:39:52,02/03/2021 18:38:49,2:58:57,done,done,02/03/2021 18:38:57,02/03/2021 18:39:19,done,"0,056122","0,056122","0,981400","0,981400","0,924811","0,981577","0,603314","0,603314","0,936183","0,936183","0,913712","0,913712","0,062789","0,044794","0,901796","0,912305","0,925496","0,912430","0,604850","0,604850","0,936745","0,936745","0,914513","0,914513","0,049538","0,925757","0,925468","0,604822","0,936689","0,914512",bca4110d3d16
129,unet,4,801010,adam,0,morf,01/03/2021 16:47:51,01/03/2021 19:33:01,2:45:10,done,done,01/03/2021 19:33:11,01/03/2021 19:33:31,done,"0,056713","0,056713","0,981320","0,981320","0,923944","0,981584","0,604329","0,604329","0,935637","0,935637","0,912539","0,912539","0,056539","0,048642","0,906956","0,910803","0,924655","0,911017","0,605890","0,605890","0,936221","0,936221","0,913371","0,913371","0,101980","0,920935","0,924626","0,605837","0,936167","0,913366",FINOS-00
130,unet,4,801010,adam,0,morf,02/03/2021 05:35:01,02/03/2021 08:31:22,2:56:21,done,done,02/03/2021 08:31:28,02/03/2021 08:31:48,done,"0,045664","0,045664","0,983902","0,983902","0,922400","0,984165","0,601915","0,601915","0,933766","0,933766","0,911308","0,911308","0,087566","0,067670","0,902306","0,909022","0,923161","0,909130","0,603614","0,603614","0,934403","0,934403","0,912186","0,912186","0,204602","0,935391","0,923159","0,603661","0,934376","0,912209",769c3b6d89b8
131,unet,4,801010,adam,0.2,hist,08/03/2021 14:15:21,08/03/2021 17:13:02,2:57:41,done,done,08/03/2021 17:13:09,08/03/2021 17:13:29,done,"0,085306","0,085306","0,971402","0,971402","0,908130","0,971563","0,563937","0,563937","0,921485","0,921485","0,895157","0,895157","0,094793","0,084836","0,907133","0,913838","0,908945","0,913915","0,565760","0,565760","0,922155","0,922155","0,896109","0,896109","0,064262","0,927811","0,908971","0,565845","0,922148","0,896165",8fdfb75b7510
132,unet,4,801010,adam,0.2,hist,08/03/2021 18:23:39,08/03/2021 22:51:39,4:28:00,done,done,08/03/2021 22:51:48,08/03/2021 22:52:16,done,"0,103552","0,103472","0,966660","0,966660","0,909645","0,966796","0,568839","0,568839","0,922418","0,922418","0,897220","0,897220","0,069240","0,048598","0,906382","0,913205","0,910366","0,913143","0,570364","0,570364","0,923002","0,923002","0,898071","0,898071","0,082247","0,901099","0,910338","0,570288","0,922945","0,898071",fbro-005
133,unet,4,801010,adam,0.2,hist,02/03/2021 07:16:59,02/03/2021 10:01:20,2:44:21,done,done,02/03/2021 10:01:28,02/03/2021 10:01:47,done,"0,098349","0,098349","0,966814","0,966814","0,910068","0,966958","0,573969","0,573969","0,922824","0,922824","0,897660","0,897660","0,059406","0,049366","0,906189","0,912960","0,910784","0,913167","0,575540","0,575540","0,923403","0,923403","0,898505","0,898505","0,258402","0,925759","0,910805","0,575586","0,923397","0,898552",FINOS-00
134,unet,4,801010,adam,0.2,hist,08/03/2021 22:34:33,09/03/2021 01:19:17,2:44:44,done,done,09/03/2021 01:19:29,09/03/2021 01:19:48,done,"0,104627","0,104627","0,966178","0,966178","0,908868","0,966306","0,571241","0,571241","0,922000","0,922000","0,896104","0,896104","0,053065","0,052499","0,904642","0,907936","0,909597","0,907881","0,572841","0,572841","0,922586","0,922586","0,896969","0,896969","0,074876","0,928076","0,909624","0,572919","0,922579","0,897027",FINOS-00
135,unet,4,801010,adam,0.2,hist,02/03/2021 10:01:51,02/03/2021 12:47:46,2:45:55,done,done,02/03/2021 12:47:56,02/03/2021 12:48:15,done,"0,082445","0,082445","0,972625","0,972625","0,911155","0,972739","0,572357","0,572357","0,924766","0,924766","0,897938","0,897938","0,065762","0,056943","0,911899","0,913311","0,911956","0,913485","0,574148","0,574148","0,925414","0,925414","0,898883","0,898883","0,086065","0,930725","0,911987","0,574231","0,925415","0,898944",FINOS-00
136,unet,4,801010,adam,0.2,morf,09/03/2021 10:11:54,09/03/2021 14:42:17,4:30:23,done,done,09/03/2021 14:42:27,09/03/2021 14:42:55,done,"0,090146","0,090146","0,969838","0,969838","0,908458","0,969954","0,568346","0,568346","0,921709","0,921709","0,895582","0,895582","0,063922","0,055378","0,907163","0,911754","0,909249","0,911807","0,570073","0,570073","0,922356","0,922356","0,896510","0,896510","0,187003","0,917428","0,909255","0,570119","0,922333","0,896543",fbro-005
137,unet,4,801010,adam,0.2,morf,02/03/2021 11:29:45,02/03/2021 14:29:27,2:59:42,done,done,02/03/2021 14:29:35,02/03/2021 14:29:55,done,"0,108017","0,108017","0,966863","0,966863","0,909410","0,967000","0,571400","0,571400","0,923066","0,923066","0,896152","0,896152","0,180309","0,098981","0,909329","0,914185","0,910149","0,914270","0,572994","0,572994","0,923656","0,923656","0,897031","0,897031","0,145324","0,930662","0,910190","0,573106","0,923664","0,897104",769c3b6d89b8
138,unet,4,801010,adam,0.2,morf,02/03/2021 21:27:08,03/03/2021 01:55:44,4:28:36,done,done,03/03/2021 01:55:55,03/03/2021 01:56:23,done,"0,096476","0,096476","0,968214","0,968214","0,909041","0,968337","0,569679","0,569679","0,922497","0,922497","0,895972","0,895972","0,050137","0,049621","0,906350","0,913472","0,909806","0,913643","0,571318","0,571318","0,923114","0,923114","0,896876","0,896876","0,118739","0,923999","0,909815","0,571386","0,923091","0,896916",fbro-005
139,unet,4,801010,adam,0.2,morf,02/03/2021 15:09:21,02/03/2021 17:54:43,2:45:22,done,done,02/03/2021 17:54:53,02/03/2021 17:55:13,done,"0,097430","0,097430","0,967502","0,967502","0,907312","0,967631","0,565514","0,565514","0,921410","0,921410","0,893639","0,893639","0,057224","0,052000","0,898532","0,910640","0,908076","0,910700","0,567213","0,567213","0,922016","0,922016","0,894552","0,894552","0,092128","0,913699","0,908072","0,567233","0,921978","0,894580",FINOS-00
140,unet,4,801010,adam,0.2,morf,02/03/2021 12:27:48,02/03/2021 16:58:21,4:30:33,done,done,02/03/2021 16:58:31,02/03/2021 16:58:59,done,"0,089684","0,089684","0,970779","0,970779","0,908925","0,970999","0,569772","0,569772","0,921781","0,921781","0,896422","0,896422","0,055289","0,051581","0,906247","0,908638","0,909713","0,908776","0,571488","0,571488","0,922435","0,922435","0,897337","0,897337","0,145389","0,918441","0,909717","0,571484","0,922413","0,897365",fbro-005
141,unet,4,801010,rmsprop,0,hist,02/03/2021 17:55:17,02/03/2021 20:37:54,2:42:37,done,done,02/03/2021 20:38:03,02/03/2021 20:38:23,done,"0,049189","0,049189","0,982722","0,982722","0,924380","0,983000","0,603804","0,603804","0,934708","0,934708","0,914278","0,914278","0,068388","0,046272","0,908704","0,911319","0,925109","0,911365","0,605418","0,605418","0,935329","0,935329","0,915110","0,915110","0,108464","0,936228","0,925107","0,605451","0,935300","0,915133",FINOS-00
142,unet,4,801010,rmsprop,0,hist,08/03/2021 02:27:09,08/03/2021 06:54:02,4:26:53,done,done,08/03/2021 06:54:13,08/03/2021 06:54:38,done,"0,063537","0,063537","0,978729","0,978729","0,922361","0,978892","0,598074","0,598074","0,933323","0,933323","0,911654","0,911654","0,044337","0,043863","0,907480","0,909295","0,923060","0,909497","0,599680","0,599680","0,933907","0,933907","0,912463","0,912463","0,227505","0,922378","0,923037","0,599666","0,933857","0,912465",fbro-005
143,unet,4,801010,rmsprop,0,hist,03/03/2021 04:49:29,03/03/2021 07:32:24,2:42:55,done,done,03/03/2021 07:32:35,03/03/2021 07:32:55,done,"0,048397","0,048397","0,983304","0,983304","0,925154","0,983473","0,605776","0,605776","0,935872","0,935872","0,914679","0,914679","0,065212","0,046207","0,907384","0,911986","0,925879","0,912200","0,607467","0,607467","0,936482","0,936482","0,915513","0,915513","0,056738","0,937484","0,925876","0,607503","0,936454","0,915534",FINOS-00
144,unet,4,801010,rmsprop,0,hist,02/03/2021 19:48:28,02/03/2021 22:41:03,2:52:35,done,done,02/03/2021 22:41:07,02/03/2021 22:41:27,done,"0,043202","0,043202","0,984777","0,984777","0,925766","0,984940","0,608472","0,608472","0,937258","0,937258","0,914553","0,914553","0,115735","0,066663","0,905542","0,911327","0,926489","0,911492","0,610116","0,610116","0,937857","0,937857","0,915393","0,915393","0,059298","0,926014","0,926464","0,610106","0,937803","0,915395",3947fbe97ea7
145,unet,4,801010,rmsprop,0,hist,03/03/2021 01:56:27,03/03/2021 06:25:11,4:28:44,done,done,03/03/2021 06:25:20,03/03/2021 06:25:50,done,"0,061100","0,061100","0,979508","0,979508","0,925081","0,979650","0,605180","0,605180","0,935334","0,935334","0,915050","0,915050","0,053707","0,046134","0,906738","0,910169","0,925747","0,910375","0,606720","0,606720","0,935894","0,935894","0,915818","0,915818","0,054032","0,925748","0,925720","0,606722","0,935840","0,915816",fbro-005
146,unet,4,801010,rmsprop,0,morf,02/03/2021 16:59:03,02/03/2021 21:26:25,4:27:22,done,done,02/03/2021 21:26:35,02/03/2021 21:27:03,done,"0,058073","0,058073","0,980293","0,980293","0,923449","0,980433","0,602901","0,602901","0,934832","0,934832","0,912340","0,912340","0,057334","0,042582","0,894294","0,909509","0,924138","0,909757","0,604482","0,604482","0,935399","0,935399","0,913144","0,913144","0,053327","0,928179","0,924098","0,604436","0,935333","0,913130",fbro-005
147,unet,4,801010,rmsprop,0,morf,09/03/2021 14:08:48,09/03/2021 16:51:39,2:42:51,done,done,09/03/2021 16:51:50,09/03/2021 16:52:10,done,"0,061557","0,061557","0,978814","0,978814","0,923788","0,979004","0,602793","0,602793","0,934660","0,934660","0,913166","0,913166","0,060117","0,049444","0,905716","0,907162","0,924477","0,907182","0,604348","0,604348","0,935234","0,935234","0,913965","0,913965","0,106958","0,925667","0,924447","0,604259","0,935179","0,913958",FINOS-00
148,unet,4,801010,rmsprop,0,morf,02/03/2021 22:41:30,03/03/2021 01:36:27,2:54:57,done,done,03/03/2021 01:36:33,03/03/2021 01:36:53,done,"0,053258","0,053258","0,981252","0,981252","0,923828","0,981389","0,602341","0,602341","0,935515","0,935515","0,912430","0,912430","0,133220","0,084962","0,898637","0,908027","0,924521","0,907878","0,603907","0,603907","0,936078","0,936078","0,913246","0,913246","0,303047","0,887724","0,924425","0,603628","0,935956","0,913175",3947fbe97ea7
149,unet,4,801010,rmsprop,0,morf,07/03/2021 18:29:54,07/03/2021 21:14:02,2:44:08,done,done,07/03/2021 21:14:13,07/03/2021 21:14:31,done,"0,052496","0,052496","0,981928","0,981928","0,924299","0,982084","0,604687","0,604687","0,934845","0,934845","0,913989","0,913989","0,085481","0,055774","0,907157","0,910848","0,925014","0,911034","0,606287","0,606287","0,935451","0,935451","0,914808","0,914808","0,197905","0,913090","0,924974","0,606245","0,935390","0,914788",FINOS-00
150,unet,4,801010,rmsprop,0,morf,02/03/2021 23:24:23,03/03/2021 02:20:21,2:55:58,done,done,03/03/2021 02:20:30,03/03/2021 02:20:52,done,"0,060439","0,060439","0,979833","0,979833","0,921323","0,979979","0,596049","0,596049","0,931560","0,931560","0,911309","0,911309","0,211746","0,066943","0,885385","0,903526","0,922031","0,903734","0,597644","0,597644","0,932160","0,932160","0,912120","0,912120","0,067925","0,923136","0,921966","0,597565","0,932073","0,912076",da96d9ecd60f
151,unet,4,801010,rmsprop,0.2,hist,03/03/2021 01:36:55,03/03/2021 04:35:04,2:58:09,done,done,03/03/2021 04:35:09,03/03/2021 04:35:29,done,"0,095285","0,093109","0,967295","0,967846","0,909676","0,967969","0,572338","0,572338","0,921710","0,921710","0,897952","0,897952","0,103744","0,080686","0,885168","0,911461","0,910372","0,911270","0,573872","0,573872","0,922281","0,922281","0,898766","0,898766","0,066890","0,930913","0,910369","0,573918","0,922251","0,898789",3947fbe97ea7
152,unet,4,801010,rmsprop,0.2,hist,03/03/2021 02:06:04,03/03/2021 04:48:55,2:42:51,done,done,03/03/2021 04:49:06,03/03/2021 04:49:25,done,"0,098827","0,098827","0,966766","0,966766","0,907699","0,966886","0,567489","0,567489","0,919974","0,919974","0,895747","0,895747","0,057972","0,051785","0,903810","0,911353","0,908456","0,911039","0,569159","0,569159","0,920601","0,920601","0,896627","0,896627","0,102505","0,930353","0,908488","0,569229","0,920608","0,896683",FINOS-00
153,unet,4,801010,rmsprop,0.2,hist,03/03/2021 02:20:55,03/03/2021 05:22:48,3:01:53,done,done,03/03/2021 05:22:55,03/03/2021 05:23:17,done,"0,099912","0,099912","0,966451","0,966451","0,908905","0,966582","0,569945","0,569945","0,920926","0,920926","0,897193","0,897193","0,076904","0,071279","0,887260","0,911843","0,909610","0,911579","0,571527","0,571527","0,921508","0,921508","0,898016","0,898016","0,100210","0,915563","0,909574","0,571518","0,921449","0,898002",da96d9ecd60f
154,unet,4,801010,rmsprop,0.2,hist,03/03/2021 07:32:59,03/03/2021 10:16:13,2:43:14,done,done,03/03/2021 10:16:22,03/03/2021 10:16:41,done,"0,077996","0,077996","0,972869","0,972869","0,905539","0,972983","0,564538","0,564538","0,919259","0,919259","0,892222","0,892222","0,051874","0,051605","0,907716","0,913977","0,906419","0,914177","0,566474","0,566474","0,919989","0,919989","0,893244","0,893244","0,056838","0,931232","0,906469","0,566597","0,920005","0,893326",FINOS-00
155,unet,4,801010,rmsprop,0.2,hist,07/03/2021 23:57:00,08/03/2021 02:51:08,2:54:08,done,done,08/03/2021 02:51:20,08/03/2021 02:51:42,done,"0,076049","0,076049","0,973529","0,973529","0,905824","0,973643","0,564302","0,564302","0,918532","0,918532","0,893462","0,893462","0,116336","0,114756","0,908224","0,909440","0,906700","0,909470","0,566188","0,566188","0,919272","0,919272","0,894467","0,894467","0,090906","0,928735","0,906737","0,566298","0,919280","0,894531",9cd0c605650f
156,unet,4,801010,rmsprop,0.2,morf,03/03/2021 06:25:54,03/03/2021 10:51:15,4:25:21,done,done,03/03/2021 10:51:24,03/03/2021 10:51:52,done,"0,106302","0,106302","0,964632","0,964632","0,905795","0,964756","0,562833","0,562833","0,919152","0,919152","0,892821","0,892821","0,056040","0,054419","0,894485","0,907969","0,906543","0,908124","0,564380","0,564380","0,919755","0,919755","0,893705","0,893705","0,065166","0,928747","0,906552","0,564407","0,919734","0,893743",fbro-005
157,unet,4,801010,rmsprop,0.2,morf,03/03/2021 10:16:45,03/03/2021 12:59:20,2:42:35,done,done,03/03/2021 12:59:30,03/03/2021 12:59:49,done,"0,114876","0,114536","0,963585","0,963585","0,907361","0,963725","0,567081","0,567081","0,920404","0,920404","0,894683","0,894683","0,067035","0,058457","0,905592","0,908654","0,908088","0,908737","0,568720","0,568720","0,920995","0,920995","0,895537","0,895537","0,076405","0,926687","0,908124","0,568777","0,920999","0,895604",FINOS-00
158,unet,4,801010,rmsprop,0.2,morf,08/03/2021 07:27:21,08/03/2021 10:09:04,2:41:43,done,done,08/03/2021 10:09:15,08/03/2021 10:09:32,done,"0,104343","0,104343","0,965453","0,965453","0,905920","0,965591","0,564090","0,564090","0,918943","0,918943","0,893260","0,893260","0,068769","0,053266","0,897745","0,911756","0,906675","0,911932","0,565758","0,565758","0,919562","0,919562","0,894144","0,894144","0,067618","0,908048","0,906677","0,565676","0,919533","0,894176",FINOS-00
159,unet,4,801010,rmsprop,0.2,morf,03/03/2021 12:59:53,03/03/2021 15:43:37,2:43:44,done,done,03/03/2021 15:43:47,03/03/2021 15:44:07,done,"0,095525","0,095525","0,967059","0,967059","0,904204","0,967180","0,559691","0,559691","0,917788","0,917788","0,891016","0,891016","0,220388","0,048858","0,897985","0,909325","0,905001","0,909548","0,561489","0,561489","0,918442","0,918442","0,891948","0,891948","0,057862","0,920074","0,905024","0,561569","0,918429","0,892004",FINOS-00
160,unet,4,801010,rmsprop,0.2,morf,03/03/2021 10:51:56,03/03/2021 15:17:45,4:25:49,done,done,03/03/2021 15:17:59,03/03/2021 15:18:28,done,"0,096136","0,096136","0,970421","0,970421","0,907655","0,970532","0,565563","0,565563","0,920560","0,920560","0,895107","0,895107","0,049321","0,047212","0,906177","0,913304","0,908457","0,912842","0,567312","0,567312","0,921218","0,921218","0,896045","0,896045","0,271105","0,928280","0,908483","0,567373","0,921220","0,896094",fbro-005